type,value,article_count,sources
cves,CVE-2026-72971,1,https://krebsonsecurity.com/2026/08/microsoft-plugs-nearly-400-security-holes/
cves,CVE-2026-72530,1,https://www.cisa.gov/news-events/alerts/2026/08/20/cisa-adds-two-known-exploited-vulnerabilities-catalog
cves,CVE-2026-72529,1,https://www.cisa.gov/news-events/alerts/2026/08/20/cisa-adds-two-known-exploited-vulnerabilities-catalog
cves,CVE-2026-71331,1,https://blog.talosintelligence.com/microsoft-patch-tuesday-for-august-2026/
cves,CVE-2026-70355,1,https://blog.talosintelligence.com/microsoft-patch-tuesday-for-august-2026/
cves,CVE-2026-70335,1,https://blog.talosintelligence.com/microsoft-patch-tuesday-for-august-2026/
cves,CVE-2026-70332,1,https://blog.talosintelligence.com/microsoft-patch-tuesday-for-august-2026/
cves,CVE-2026-70307,1,https://blog.talosintelligence.com/microsoft-patch-tuesday-for-august-2026/
cves,CVE-2026-70130,1,https://blog.talosintelligence.com/microsoft-patch-tuesday-for-august-2026/
cves,CVE-2026-69836,1,https://thehackernews.com/2026/08/microsoft-entra-id-flaw-cvss-100.html
cves,CVE-2026-69278,1,https://blog.talosintelligence.com/microsoft-patch-tuesday-for-august-2026/
cves,CVE-2026-68823,1,https://blog.talosintelligence.com/microsoft-patch-tuesday-for-august-2026/
cves,CVE-2026-68820,4,https://blog.talosintelligence.com/microsoft-patch-tuesday-for-august-2026/ | https://krebsonsecurity.com/2026/08/microsoft-plugs-nearly-400-security-holes/ | https://thehackernews.com/2026/08/microsoft-patches-398-flaws-including.html | https://www.bleepingcomputer.com/news/security/lazarus-hackers-exploited-windows-zero-day-to-target-defense-firms/
cves,CVE-2026-68816,1,https://blog.talosintelligence.com/microsoft-patch-tuesday-for-august-2026/
cves,CVE-2026-68804,1,https://blog.talosintelligence.com/microsoft-patch-tuesday-for-august-2026/
cves,CVE-2026-68794,1,https://blog.talosintelligence.com/microsoft-patch-tuesday-for-august-2026/
cves,CVE-2026-66807,1,https://blog.talosintelligence.com/microsoft-patch-tuesday-for-august-2026/
cves,CVE-2026-66804,1,https://blog.talosintelligence.com/microsoft-patch-tuesday-for-august-2026/
cves,CVE-2026-66802,1,https://blog.talosintelligence.com/microsoft-patch-tuesday-for-august-2026/
cves,CVE-2026-66799,1,https://blog.talosintelligence.com/microsoft-patch-tuesday-for-august-2026/
cves,CVE-2026-65791,1,https://blog.talosintelligence.com/microsoft-patch-tuesday-for-august-2026/
cves,CVE-2026-65789,1,https://blog.talosintelligence.com/microsoft-patch-tuesday-for-august-2026/
cves,CVE-2026-65788,1,https://blog.talosintelligence.com/microsoft-patch-tuesday-for-august-2026/
cves,CVE-2026-65775,1,https://blog.talosintelligence.com/microsoft-patch-tuesday-for-august-2026/
cves,CVE-2026-65668,1,https://blog.talosintelligence.com/microsoft-patch-tuesday-for-august-2026/
cves,CVE-2026-65667,1,https://blog.talosintelligence.com/microsoft-patch-tuesday-for-august-2026/
cves,CVE-2026-65665,1,https://blog.talosintelligence.com/microsoft-patch-tuesday-for-august-2026/
cves,CVE-2026-65664,1,https://blog.talosintelligence.com/microsoft-patch-tuesday-for-august-2026/
cves,CVE-2026-65657,1,https://blog.talosintelligence.com/microsoft-patch-tuesday-for-august-2026/
cves,CVE-2026-65400,2,https://thehackernews.com/2026/08/critical-macos-sharepoint-vcenter-and.html | https://www.cisa.gov/news-events/alerts/2026/08/18/cisa-adds-four-known-exploited-vulnerabilities-catalog
cves,CVE-2026-64921,1,https://blog.talosintelligence.com/microsoft-patch-tuesday-for-august-2026/
cves,CVE-2026-64911,1,https://blog.talosintelligence.com/microsoft-patch-tuesday-for-august-2026/
cves,CVE-2026-64910,1,https://blog.talosintelligence.com/microsoft-patch-tuesday-for-august-2026/
cves,CVE-2026-64909,1,https://blog.talosintelligence.com/microsoft-patch-tuesday-for-august-2026/
cves,CVE-2026-64907,1,https://blog.talosintelligence.com/microsoft-patch-tuesday-for-august-2026/
cves,CVE-2026-64903,1,https://blog.talosintelligence.com/microsoft-patch-tuesday-for-august-2026/
cves,CVE-2026-64898,1,https://blog.talosintelligence.com/microsoft-patch-tuesday-for-august-2026/
cves,CVE-2026-64849,1,https://www.cisa.gov/news-events/alerts/2026/08/19/cisa-adds-one-known-exploited-vulnerability-catalog
cves,CVE-2026-63532,1,https://blog.talosintelligence.com/microsoft-patch-tuesday-for-august-2026/
cves,CVE-2026-63526,1,https://blog.talosintelligence.com/microsoft-patch-tuesday-for-august-2026/
cves,CVE-2026-63525,1,https://blog.talosintelligence.com/microsoft-patch-tuesday-for-august-2026/
cves,CVE-2026-63522,1,https://blog.talosintelligence.com/microsoft-patch-tuesday-for-august-2026/
cves,CVE-2026-63520,2,https://blog.talosintelligence.com/microsoft-patch-tuesday-for-august-2026/ | https://www.rapid7.com/blog/post/etr-cve-2026-63520-microsoft-sharepoint-remote-code-execution-fixed
cves,CVE-2026-63519,1,https://blog.talosintelligence.com/microsoft-patch-tuesday-for-august-2026/
cves,CVE-2026-63518,1,https://blog.talosintelligence.com/microsoft-patch-tuesday-for-august-2026/
cves,CVE-2026-63515,1,https://blog.talosintelligence.com/microsoft-patch-tuesday-for-august-2026/
cves,CVE-2026-63513,1,https://blog.talosintelligence.com/microsoft-patch-tuesday-for-august-2026/
cves,CVE-2026-63508,1,https://blog.talosintelligence.com/microsoft-patch-tuesday-for-august-2026/
cves,CVE-2026-63030,1,https://www.rapid7.com/blog/post/pt-metasploit-wrap-up-lot-of-summer-shells-and-fit-http-profiles
cves,CVE-2026-62918,1,https://blog.talosintelligence.com/microsoft-patch-tuesday-for-august-2026/
cves,CVE-2026-62911,1,https://blog.talosintelligence.com/microsoft-patch-tuesday-for-august-2026/
cves,CVE-2026-62896,1,https://blog.talosintelligence.com/microsoft-patch-tuesday-for-august-2026/
cves,CVE-2026-62893,1,https://blog.talosintelligence.com/microsoft-patch-tuesday-for-august-2026/
cves,CVE-2026-62890,1,https://blog.talosintelligence.com/microsoft-patch-tuesday-for-august-2026/
cves,CVE-2026-62889,1,https://blog.talosintelligence.com/microsoft-patch-tuesday-for-august-2026/
cves,CVE-2026-62888,1,https://blog.talosintelligence.com/microsoft-patch-tuesday-for-august-2026/
cves,CVE-2026-62878,1,https://blog.talosintelligence.com/microsoft-patch-tuesday-for-august-2026/
cves,CVE-2026-62873,1,https://blog.talosintelligence.com/microsoft-patch-tuesday-for-august-2026/
cves,CVE-2026-62869,1,https://blog.talosintelligence.com/microsoft-patch-tuesday-for-august-2026/
cves,CVE-2026-62836,1,https://blog.talosintelligence.com/microsoft-patch-tuesday-for-august-2026/
cves,CVE-2026-62832,2,https://blog.talosintelligence.com/microsoft-patch-tuesday-for-august-2026/ | https://krebsonsecurity.com/2026/08/microsoft-plugs-nearly-400-security-holes/
cves,CVE-2026-62830,1,https://blog.talosintelligence.com/microsoft-patch-tuesday-for-august-2026/
cves,CVE-2026-62827,1,https://blog.talosintelligence.com/microsoft-patch-tuesday-for-august-2026/
cves,CVE-2026-62824,1,https://blog.talosintelligence.com/microsoft-patch-tuesday-for-august-2026/
cves,CVE-2026-62823,1,https://blog.talosintelligence.com/microsoft-patch-tuesday-for-august-2026/
cves,CVE-2026-62822,1,https://blog.talosintelligence.com/microsoft-patch-tuesday-for-august-2026/
cves,CVE-2026-62820,1,https://blog.talosintelligence.com/microsoft-patch-tuesday-for-august-2026/
cves,CVE-2026-62819,1,https://blog.talosintelligence.com/microsoft-patch-tuesday-for-august-2026/
cves,CVE-2026-62818,1,https://blog.talosintelligence.com/microsoft-patch-tuesday-for-august-2026/
cves,CVE-2026-62817,1,https://blog.talosintelligence.com/microsoft-patch-tuesday-for-august-2026/
cves,CVE-2026-62816,1,https://blog.talosintelligence.com/microsoft-patch-tuesday-for-august-2026/
cves,CVE-2026-62815,1,https://blog.talosintelligence.com/microsoft-patch-tuesday-for-august-2026/
cves,CVE-2026-62788,1,https://blog.talosintelligence.com/microsoft-patch-tuesday-for-august-2026/
cves,CVE-2026-62783,1,https://blog.talosintelligence.com/microsoft-patch-tuesday-for-august-2026/
cves,CVE-2026-62766,1,https://blog.talosintelligence.com/microsoft-patch-tuesday-for-august-2026/
cves,CVE-2026-62741,1,https://blog.talosintelligence.com/microsoft-patch-tuesday-for-august-2026/
cves,CVE-2026-62737,1,https://blog.talosintelligence.com/microsoft-patch-tuesday-for-august-2026/
cves,CVE-2026-62735,1,https://blog.talosintelligence.com/microsoft-patch-tuesday-for-august-2026/
cves,CVE-2026-62721,1,https://blog.talosintelligence.com/microsoft-patch-tuesday-for-august-2026/
cves,CVE-2026-62713,1,https://blog.talosintelligence.com/microsoft-patch-tuesday-for-august-2026/
cves,CVE-2026-62712,1,https://blog.talosintelligence.com/microsoft-patch-tuesday-for-august-2026/
cves,CVE-2026-62698,1,https://blog.talosintelligence.com/microsoft-patch-tuesday-for-august-2026/
cves,CVE-2026-62696,1,https://blog.talosintelligence.com/microsoft-patch-tuesday-for-august-2026/
cves,CVE-2026-62688,1,https://blog.talosintelligence.com/microsoft-patch-tuesday-for-august-2026/
cves,CVE-2026-61930,1,https://blog.talosintelligence.com/microsoft-patch-tuesday-for-august-2026/
cves,CVE-2026-61929,1,https://blog.talosintelligence.com/microsoft-patch-tuesday-for-august-2026/
cves,CVE-2026-61925,1,https://blog.talosintelligence.com/microsoft-patch-tuesday-for-august-2026/
cves,CVE-2026-61358,1,https://blog.talosintelligence.com/microsoft-patch-tuesday-for-august-2026/
cves,CVE-2026-61348,1,https://blog.talosintelligence.com/microsoft-patch-tuesday-for-august-2026/
cves,CVE-2026-60137,1,https://www.rapid7.com/blog/post/pt-metasploit-wrap-up-lot-of-summer-shells-and-fit-http-profiles
cves,CVE-2026-59310,3,https://thehackernews.com/2026/08/suspected-china-nexus-actor-exploits.html | https://www.bleepingcomputer.com/news/security/critical-vmware-vcenter-rce-flaw-exploited-for-reverse-ssh-access/ | https://www.cisa.gov/news-events/alerts/2026/08/18/cisa-adds-four-known-exploited-vulnerabilities-catalog
cves,CVE-2026-59133,1,https://blog.talosintelligence.com/microsoft-patch-tuesday-for-august-2026/
cves,CVE-2026-59132,1,https://blog.talosintelligence.com/microsoft-patch-tuesday-for-august-2026/
cves,CVE-2026-59124,1,https://blog.talosintelligence.com/microsoft-patch-tuesday-for-august-2026/
cves,CVE-2026-59118,1,https://blog.talosintelligence.com/microsoft-patch-tuesday-for-august-2026/
cves,CVE-2026-59115,1,https://blog.talosintelligence.com/microsoft-patch-tuesday-for-august-2026/
cves,CVE-2026-58650,1,https://blog.talosintelligence.com/microsoft-patch-tuesday-for-august-2026/
cves,CVE-2026-56162,1,https://blog.talosintelligence.com/microsoft-patch-tuesday-for-august-2026/
cves,CVE-2026-56161,1,https://blog.talosintelligence.com/microsoft-patch-tuesday-for-august-2026/
cves,CVE-2026-55040,4,https://thehackernews.com/2026/08/attackers-exploit-sharepoint.html | https://www.cisa.gov/news-events/alerts/2026/08/18/cisa-adds-four-known-exploited-vulnerabilities-catalog | https://www.rapid7.com/blog/post/etr-cve-2026-63520-microsoft-sharepoint-remote-code-execution-fixed | https://www.reddit.com/r/blueteamsec/comments/1votnh2/microsoft_sharepoint_jwt_token_authentication/
cves,CVE-2026-54121,1,https://www.bleepingcomputer.com/news/security/certighost-and-the-privilege-hiding-in-your-certificate-authority/
cves,CVE-2026-53413,1,https://www.reddit.com/r/blueteamsec/comments/1vlq99u/zoomsday_zeroclick_rce_in_zoom_from_any_meeting/
cves,CVE-2026-52806,1,https://www.rapid7.com/blog/post/pt-metasploit-wrap-up-lot-of-summer-shells-and-fit-http-profiles
cves,CVE-2026-50516,1,https://blog.talosintelligence.com/microsoft-patch-tuesday-for-august-2026/
cves,CVE-2026-50515,1,https://blog.talosintelligence.com/microsoft-patch-tuesday-for-august-2026/
cves,CVE-2026-50481,1,https://blog.talosintelligence.com/microsoft-patch-tuesday-for-august-2026/
cves,CVE-2026-49163,1,https://blog.talosintelligence.com/microsoft-patch-tuesday-for-august-2026/
cves,CVE-2026-48907,1,https://www.rapid7.com/blog/post/pt-metasploit-wrap-up-lot-of-summer-shells-and-fit-http-profiles
cves,CVE-2026-48362,1,https://thehackernews.com/2026/08/adobe-patches-three-cvss-100-coldfusion.html
cves,CVE-2026-46300,1,https://www.rapid7.com/blog/post/pt-metasploit-wrap-up-lot-of-summer-shells-and-fit-http-profiles
cves,CVE-2026-33824,1,https://www.cisa.gov/news-events/alerts/2026/08/18/cisa-adds-four-known-exploited-vulnerabilities-catalog
cves,CVE-2026-33017,1,https://www.rapid7.com/blog/post/pt-metasploit-wrap-up-lot-of-summer-shells-and-fit-http-profiles
cves,CVE-2026-29053,1,https://www.rapid7.com/blog/post/pt-metasploit-wrap-up-lot-of-summer-shells-and-fit-http-profiles
cves,CVE-2026-27760,1,https://www.rapid7.com/blog/post/pt-metasploit-wrap-up-lot-of-summer-shells-and-fit-http-profiles
cves,CVE-2026-22594,1,https://www.rapid7.com/blog/post/pt-metasploit-wrap-up-lot-of-summer-shells-and-fit-http-profiles
cves,CVE-2026-20349,2,https://thehackernews.com/2026/08/cisco-asa-and-ftd-flaw-exploited-in.html | https://www.securityweek.com/cisco-patches-firewall-zero-day-exploited-for-dos-attacks/
cves,CVE-2026-19490,1,https://www.rapid7.com/blog/post/etr-cve-2026-19490-critical-vulnerability-affecting-citrix-netscaler-adc-and-netscaler-gateway
cves,CVE-2026-19478,3,https://thehackernews.com/2026/08/critical-gitlab-graphql-flaw-could-let.html | https://thehackernews.com/2026/08/gitlab-cve-2026-19478-comes-under.html | https://www.securityweek.com/critical-gitlab-flaw-exploited-shortly-after-disclosure/
cves,CVE-2026-19188,1,https://www.cisa.gov/news-events/ics-advisories/icsa-26-225-02
cves,CVE-2026-15748,1,https://thehackernews.com/2026/08/forminator-wordpress-flaw-can-enable.html
cves,CVE-2026-15409,1,https://www.rapid7.com/blog/post/pt-metasploit-wrap-up-lot-of-summer-shells-and-fit-http-profiles
cves,CVE-2026-8452,1,https://www.reddit.com/r/blueteamsec/comments/1vo06pz/youre_back_in_the_room_citrix_netscaler_preauth/
cves,CVE-2026-3891,1,https://www.rapid7.com/blog/post/pt-metasploit-wrap-up-lot-of-summer-shells-and-fit-http-profiles
cves,CVE-2025-49132,1,https://www.rapid7.com/blog/post/pt-metasploit-wrap-up-lot-of-summer-shells-and-fit-http-profiles
cves,CVE-2025-24472,1,https://www.cisa.gov/news-events/cybersecurity-advisories/aa26-222a
cves,CVE-2024-55591,1,https://www.cisa.gov/news-events/cybersecurity-advisories/aa26-222a
cves,CVE-2021-21551,1,https://blog.talosintelligence.com/uat-10147-deploys-spectre-a-cross-platform-implant-with-linux-rootkit-and-byovd-capabilities/
cves,CVE-2019-16098,1,https://blog.talosintelligence.com/uat-10147-deploys-spectre-a-cross-platform-implant-with-linux-rootkit-and-byovd-capabilities/
ips,2.9.99.4,1,https://www.rapid7.com/blog/post/pt-metasploit-wrap-up-lot-of-summer-shells-and-fit-http-profiles
ips,3.40.1.12,1,https://www.cisa.gov/news-events/ics-advisories/icsa-26-225-02
ips,23.239.119.2,1,https://www.cisa.gov/news-events/cybersecurity-advisories/aa26-222a
ips,23.239.119.3,1,https://www.cisa.gov/news-events/cybersecurity-advisories/aa26-222a
ips,23.239.119.4,1,https://www.cisa.gov/news-events/cybersecurity-advisories/aa26-222a
ips,23.239.119.5,1,https://www.cisa.gov/news-events/cybersecurity-advisories/aa26-222a
ips,23.239.119.6,1,https://www.cisa.gov/news-events/cybersecurity-advisories/aa26-222a
ips,67.43.53.10,1,https://www.cisa.gov/news-events/cybersecurity-advisories/aa26-222a
ips,70.36.99.82,1,https://www.cisa.gov/news-events/cybersecurity-advisories/aa26-222a
ips,86.54.28.216,1,https://www.cisa.gov/news-events/cybersecurity-advisories/aa26-222a
ips,91.201.66.146,1,https://www.cisa.gov/news-events/cybersecurity-advisories/aa26-222a
ips,103.125.234.14,1,https://www.cisa.gov/news-events/cybersecurity-advisories/aa26-222a
ips,123.184.143.105,1,https://www.cisa.gov/news-events/cybersecurity-advisories/aa26-222a
ips,123.244.187.144,1,https://www.cisa.gov/news-events/cybersecurity-advisories/aa26-222a
ips,123.246.37.108,1,https://www.cisa.gov/news-events/cybersecurity-advisories/aa26-222a
ips,127.0.0.1,1,https://www.reddit.com/r/blueteamsec/comments/1vrwaca/operation_cameraswarm_over_14000_dahua_cameras/
ips,182.204.16.112,1,https://www.cisa.gov/news-events/cybersecurity-advisories/aa26-222a
ips,182.204.21.240,1,https://www.cisa.gov/news-events/cybersecurity-advisories/aa26-222a
ips,182.204.39.118,1,https://www.cisa.gov/news-events/cybersecurity-advisories/aa26-222a
ips,211.21.210.181,1,https://www.cisa.gov/news-events/cybersecurity-advisories/aa26-222a
domains,afd.sys,2,https://krebsonsecurity.com/2026/08/microsoft-plugs-nearly-400-security-holes/ | https://www.securityweek.com/august-2026-patch-tuesday-microsoft-fixes-421-cves-one-exploited-zero-day/
domains,asp.rootkit.badiis,1,https://blog.talosintelligence.com/uat-10147-deploys-spectre-a-cross-platform-implant-with-linux-rootkit-and-byovd-capabilities/
domains,atbroker.exe,1,https://blog.talosintelligence.com/microsoft-patch-tuesday-for-august-2026/
domains,avsvmcloud.com,1,https://www.reddit.com/r/blueteamsec/comments/1vip51o/solarwinds_sunburst_what_the_logs_actually_showed/
domains,cisa.dhs.gov,1,https://www.cisa.gov/news-events/cybersecurity-advisories/aa26-222a
domains,cmd.exe,2,https://blog.talosintelligence.com/uat-10147-deploys-spectre-a-cross-platform-implant-with-linux-rootkit-and-byovd-capabilities/ | https://www.cisa.gov/news-events/cybersecurity-advisories/aa26-222a
domains,cmdkey.exe,1,https://blog.talosintelligence.com/uat-10147-deploys-spectre-a-cross-platform-implant-with-linux-rootkit-and-byovd-capabilities/
domains,cryptor.exe,1,https://www.cisa.gov/news-events/cybersecurity-advisories/aa26-222a
domains,datapub.news,1,https://www.cisa.gov/news-events/cybersecurity-advisories/aa26-222a
domains,demo.pdb,1,https://blog.talosintelligence.com/uat-10147-deploys-spectre-a-cross-platform-implant-with-linux-rootkit-and-byovd-capabilities/
domains,docs.metasploit.com,1,https://www.rapid7.com/blog/post/pt-metasploit-wrap-up-lot-of-summer-shells-and-fit-http-profiles
domains,efspotato.pdb,1,https://blog.talosintelligence.com/uat-10147-deploys-spectre-a-cross-platform-implant-with-linux-rootkit-and-byovd-capabilities/
domains,en.haiwell.com,1,https://www.cisa.gov/news-events/ics-advisories/icsa-26-225-02
domains,entrance.php,1,https://www.cisa.gov/news-events/ics-advisories/icsa-26-225-02
domains,gmail.com,1,https://www.cisa.gov/news-events/cybersecurity-advisories/aa26-222a
domains,gunra-ransomware-linux-variant.html,1,https://www.cisa.gov/news-events/cybersecurity-advisories/aa26-222a
domains,gunrabxbig445sjqa535uaymzerj6fp4nwc6ngc2xughf2pedjdhk4ad.onion,1,https://www.cisa.gov/news-events/cybersecurity-advisories/aa26-222a
domains,hardware-monitor.service,1,https://blog.talosintelligence.com/uat-10147-deploys-spectre-a-cross-platform-implant-with-linux-rootkit-and-byovd-capabilities/
domains,http.sys,1,https://blog.talosintelligence.com/microsoft-patch-tuesday-for-august-2026/
domains,hunt.io,1,https://www.reddit.com/r/blueteamsec/comments/1vrwaca/operation_cameraswarm_over_14000_dahua_cameras/
domains,index.crates.io,1,https://blog.talosintelligence.com/uat-10147-deploys-spectre-a-cross-platform-implant-with-linux-rootkit-and-byovd-capabilities/
domains,intel.breakglass.tech,1,https://www.cisa.gov/news-events/cybersecurity-advisories/aa26-222a
domains,lgiil72vkmdtbc3qv4tyq6wedyjxqr2qd4ze7xl2cxgerdnymxj7soqd.onion,1,https://www.cisa.gov/news-events/cybersecurity-advisories/aa26-222a
domains,locale.json,1,https://www.rapid7.com/blog/post/pt-metasploit-wrap-up-lot-of-summer-shells-and-fit-http-profiles
domains,main.exe,1,https://www.cisa.gov/news-events/cybersecurity-advisories/aa26-222a
domains,msmp.exe,1,https://www.cisa.gov/news-events/cybersecurity-advisories/aa26-222a
domains,msrc.microsoft.com,1,https://blog.talosintelligence.com/microsoft-patch-tuesday-for-august-2026/
domains,nsnhzysbntsqdwpys6mhml33muccsvterxewh5rkbmcab7bg2ttevjqd.onion,1,https://www.cisa.gov/news-events/cybersecurity-advisories/aa26-222a
domains,ntoskrnl.exe,1,https://blog.talosintelligence.com/uat-10147-deploys-spectre-a-cross-platform-implant-with-linux-rootkit-and-byovd-capabilities/
domains,profiles.import,1,https://www.rapid7.com/blog/post/pt-metasploit-wrap-up-lot-of-summer-shells-and-fit-http-profiles
domains,proton.me,1,https://www.cisa.gov/news-events/cybersecurity-advisories/aa26-222a
domains,psexec.py,1,https://www.cisa.gov/news-events/cybersecurity-advisories/aa26-222a
domains,r34dm3.txt,1,https://www.cisa.gov/news-events/cybersecurity-advisories/aa26-222a
domains,r3adm3.txt,1,https://www.cisa.gov/news-events/cybersecurity-advisories/aa26-222a
domains,rtcore64.sys,1,https://blog.talosintelligence.com/uat-10147-deploys-spectre-a-cross-platform-implant-with-linux-rootkit-and-byovd-capabilities/
domains,runtimebroker.exe,1,https://blog.talosintelligence.com/uat-10147-deploys-spectre-a-cross-platform-implant-with-linux-rootkit-and-byovd-capabilities/
domains,secretsdump.py,2,https://blog.talosintelligence.com/uat-10147-deploys-spectre-a-cross-platform-implant-with-linux-rootkit-and-byovd-capabilities/ | https://www.cisa.gov/news-events/cybersecurity-advisories/aa26-222a
domains,service.pdb,1,https://blog.talosintelligence.com/uat-10147-deploys-spectre-a-cross-platform-implant-with-linux-rootkit-and-byovd-capabilities/
domains,shandler.processrequest,1,https://blog.talosintelligence.com/uat-10147-deploys-spectre-a-cross-platform-implant-with-linux-rootkit-and-byovd-capabilities/
domains,smbclient.py,1,https://www.cisa.gov/news-events/cybersecurity-advisories/aa26-222a
domains,snort.org,1,https://blog.talosintelligence.com/microsoft-patch-tuesday-for-august-2026/
domains,socket.io,1,https://www.cisa.gov/news-events/ics-advisories/icsa-26-225-02
domains,stopransomware.gov,1,https://www.cisa.gov/news-events/cybersecurity-advisories/aa26-222a
domains,svchost.exe,1,https://blog.talosintelligence.com/uat-10147-deploys-spectre-a-cross-platform-implant-with-linux-rootkit-and-byovd-capabilities/
domains,sysinit.target,1,https://blog.talosintelligence.com/uat-10147-deploys-spectre-a-cross-platform-implant-with-linux-rootkit-and-byovd-capabilities/
domains,ucstring.rs,1,https://blog.talosintelligence.com/uat-10147-deploys-spectre-a-cross-platform-implant-with-linux-rootkit-and-byovd-capabilities/
domains,unix.backdoor.msfvenom,1,https://blog.talosintelligence.com/uat-10147-deploys-spectre-a-cross-platform-implant-with-linux-rootkit-and-byovd-capabilities/
domains,unix.rootkit.malware,1,https://blog.talosintelligence.com/uat-10147-deploys-spectre-a-cross-platform-implant-with-linux-rootkit-and-byovd-capabilities/
domains,unix.rootkit.spectre,1,https://blog.talosintelligence.com/uat-10147-deploys-spectre-a-cross-platform-implant-with-linux-rootkit-and-byovd-capabilities/
domains,unix.trojan.backdoor,1,https://blog.talosintelligence.com/uat-10147-deploys-spectre-a-cross-platform-implant-with-linux-rootkit-and-byovd-capabilities/
domains,vn.xyz,1,https://blog.talosintelligence.com/uat-10147-deploys-spectre-a-cross-platform-implant-with-linux-rootkit-and-byovd-capabilities/
domains,win.exploit.marte,1,https://blog.talosintelligence.com/uat-10147-deploys-spectre-a-cross-platform-implant-with-linux-rootkit-and-byovd-capabilities/
domains,win.loader,1,https://blog.talosintelligence.com/uat-10147-deploys-spectre-a-cross-platform-implant-with-linux-rootkit-and-byovd-capabilities/
domains,win.malware.badiis,1,https://blog.talosintelligence.com/uat-10147-deploys-spectre-a-cross-platform-implant-with-linux-rootkit-and-byovd-capabilities/
domains,win.malware.badpotato,1,https://blog.talosintelligence.com/uat-10147-deploys-spectre-a-cross-platform-implant-with-linux-rootkit-and-byovd-capabilities/
domains,win.malware.generic,1,https://blog.talosintelligence.com/uat-10147-deploys-spectre-a-cross-platform-implant-with-linux-rootkit-and-byovd-capabilities/
domains,win.malware.ulise,1,https://blog.talosintelligence.com/uat-10147-deploys-spectre-a-cross-platform-implant-with-linux-rootkit-and-byovd-capabilities/
domains,win.tool.godpotato,1,https://blog.talosintelligence.com/uat-10147-deploys-spectre-a-cross-platform-implant-with-linux-rootkit-and-byovd-capabilities/
domains,win.tool.juicypotato,1,https://blog.talosintelligence.com/uat-10147-deploys-spectre-a-cross-platform-implant-with-linux-rootkit-and-byovd-capabilities/
domains,wmic.exe,1,https://www.cisa.gov/news-events/cybersecurity-advisories/aa26-222a
domains,www.cisa.gov,1,https://www.cisa.gov/news-events/ics-advisories/icsa-26-225-02
domains,www.cloudsek.com,1,https://www.cisa.gov/news-events/cybersecurity-advisories/aa26-222a
domains,www.cyfirma.com,1,https://www.cisa.gov/news-events/cybersecurity-advisories/aa26-222a
domains,www.rapid7.com,1,https://www.rapid7.com/blog/post/pt-metasploit-wrap-up-lot-of-summer-shells-and-fit-http-profiles
domains,www.trendmicro.com,1,https://www.cisa.gov/news-events/cybersecurity-advisories/aa26-222a
domains,www.virustotal.com,1,https://www.cisa.gov/news-events/cybersecurity-advisories/aa26-222a
domains,zerotrusthq.substack.com,1,https://www.reddit.com/r/blueteamsec/comments/1vip51o/solarwinds_sunburst_what_the_logs_actually_showed/
sha256,2dc70a12d158d437e45a55b1d52f3d61c6082a1e1667573302ba3b62813e2751,1,https://www.cisa.gov/news-events/cybersecurity-advisories/aa26-222a
sha256,834efe9b392c6c000877ea5613a079445affc16fe8af5997d68c55cafc95e5d1,1,https://www.cisa.gov/news-events/cybersecurity-advisories/aa26-222a
sha256,91f8fc7a3290611e28a35a403fd815554d9d856006cc2ee91ccdb64057ae53b0,1,https://www.cisa.gov/news-events/cybersecurity-advisories/aa26-222a
sha256,a82e496b7b5279cb6b93393ec167dd3f50aff1557366784b25f9e51cb23689d9,1,https://www.cisa.gov/news-events/cybersecurity-advisories/aa26-222a
